[
{
    "pid" : "R1",
    "title" : "ข้าวผัดอเมริกัน",
    "imgsrc" : "https://source.unsplash.com/600x400/?recipe",
    "price" : "$ 5.50"
},
{
    "pid" : "R2",
    "title" : "อาจารย์แดงกีต้า",
    "imgsrc" : "https://source.unsplash.com/600x400/?recipe",
    "price" : "$ 5.50"
},
{
    "pid" : "R3",
    "title" : "ผัดไทยกุ้งสด",
    "imgsrc" : "https://source.unsplash.com/600x400/?recipe",
    "price" : "$ 5.50"
}
]